"Nom","Drapeau"
"Afghanistan","http://upload.wikimedia.org/wikipedia/commons/thumb/9/9a/Flag_of_Afghanistan.svg/120px-Flag_of_Afghanistan.svg.png"
"Afrique du Sud","http://upload.wikimedia.org/wikipedia/commons/thumb/a/af/Flag_of_South_Africa.svg/120px-Flag_of_South_Africa.svg.png"
"Albanie","http://upload.wikimedia.org/wikipedia/commons/thumb/3/36/Flag_of_Albania.svg/112px-Flag_of_Albania.svg.png"
"Algerie","http://upload.wikimedia.org/wikipedia/commons/thumb/7/77/Flag_of_Algeria.svg/120px-Flag_of_Algeria.svg.png"
"Allemagne","http://upload.wikimedia.org/wikipedia/commons/thumb/b/ba/Flag_of_Germany.svg/134px-Flag_of_Germany.svg.png"
"Andorre","http://upload.wikimedia.org/wikipedia/commons/thumb/1/19/Flag_of_Andorra.svg/114px-Flag_of_Andorra.svg.png"
"Angola","http://upload.wikimedia.org/wikipedia/commons/thumb/9/9d/Flag_of_Angola.svg/120px-Flag_of_Angola.svg.png"
"Antigua-et-Barbuda","http://upload.wikimedia.org/wikipedia/commons/thumb/8/89/Flag_of_Antigua_and_Barbuda.svg/120px-Flag_of_Antigua_and_Barbuda.svg.png"
"Arabie Saoudite","http://upload.wikimedia.org/wikipedia/commons/thumb/0/0d/Flag_of_Saudi_Arabia.svg/120px-Flag_of_Saudi_Arabia.svg.png"
"Argentine","http://upload.wikimedia.org/wikipedia/commons/thumb/1/1a/Flag_of_Argentina.svg/128px-Flag_of_Argentina.svg.png"
"Armenie","http://upload.wikimedia.org/wikipedia/commons/thumb/2/2f/Flag_of_Armenia.svg/160px-Flag_of_Armenia.svg.png"
"Australie","http://upload.wikimedia.org/wikipedia/commons/thumb/8/88/Flag_of_Australia_%28converted%29.svg/160px-Flag_of_Australia_%28converted%29.svg.png"
"Autriche","http://upload.wikimedia.org/wikipedia/commons/thumb/4/41/Flag_of_Austria.svg/120px-Flag_of_Austria.svg.png"
"Azerbaidjan","http://upload.wikimedia.org/wikipedia/commons/thumb/d/dd/Flag_of_Azerbaijan.svg/160px-Flag_of_Azerbaijan.svg.png"
"Bahamas","http://upload.wikimedia.org/wikipedia/commons/thumb/9/93/Flag_of_the_Bahamas.svg/160px-Flag_of_the_Bahamas.svg.png"
"Bahrein","http://upload.wikimedia.org/wikipedia/commons/thumb/2/2c/Flag_of_Bahrain.svg/134px-Flag_of_Bahrain.svg.png"
"Blangadesh","http://upload.wikimedia.org/wikipedia/commons/thumb/2/2c/Flag_of_Bahrain.svg/134px-Flag_of_Bahrain.svg.png"
"Barbade","http://upload.wikimedia.org/wikipedia/commons/thumb/e/ef/Flag_of_Barbados.svg/120px-Flag_of_Barbados.svg.png"
"Belgique","http://upload.wikimedia.org/wikipedia/commons/thumb/6/65/Flag_of_Belgium.svg/92px-Flag_of_Belgium.svg.png"
"Belize","http://upload.wikimedia.org/wikipedia/commons/thumb/e/e7/Flag_of_Belize.svg/120px-Flag_of_Belize.svg.png"
"Benin","http://upload.wikimedia.org/wikipedia/commons/thumb/0/0a/Flag_of_Benin.svg/120px-Flag_of_Benin.svg.png"
"Bhoutan","http://upload.wikimedia.org/wikipedia/commons/thumb/9/91/Flag_of_Bhutan.svg/120px-Flag_of_Bhutan.svg.png"
"Bielorussie","http://upload.wikimedia.org/wikipedia/commons/thumb/8/85/Flag_of_Belarus.svg/160px-Flag_of_Belarus.svg.png"
"Birmanie","http://upload.wikimedia.org/wikipedia/commons/thumb/8/8c/Flag_of_Myanmar.svg/120px-Flag_of_Myanmar.svg.png"
"Bolivie","http://upload.wikimedia.org/wikipedia/commons/thumb/4/48/Flag_of_Bolivia.svg/118px-Flag_of_Bolivia.svg.png"
"Bosnie-Herzegovine","http://upload.wikimedia.org/wikipedia/commons/thumb/b/bf/Flag_of_Bosnia_and_Herzegovina.svg/160px-Flag_of_Bosnia_and_Herzegovina.svg.png"
"Bostwana","http://upload.wikimedia.org/wikipedia/commons/thumb/f/fa/Flag_of_Botswana.svg/120px-Flag_of_Botswana.svg.png"
"Bresil","http://upload.wikimedia.org/wikipedia/commons/thumb/0/05/Flag_of_Brazil.svg/114px-Flag_of_Brazil.svg.png"
"Brunei","http://upload.wikimedia.org/wikipedia/commons/thumb/9/9c/Flag_of_Brunei.svg/160px-Flag_of_Brunei.svg.png"
"Bulgarie","http://upload.wikimedia.org/wikipedia/commons/thumb/9/9a/Flag_of_Bulgaria.svg/134px-Flag_of_Bulgaria.svg.png"
"Burkina Faso","http://upload.wikimedia.org/wikipedia/commons/thumb/3/31/Flag_of_Burkina_Faso.svg/120px-Flag_of_Burkina_Faso.svg.png"
"Burundi","http://upload.wikimedia.org/wikipedia/commons/thumb/5/50/Flag_of_Burundi.svg/134px-Flag_of_Burundi.svg.png"
"Cambodge","http://upload.wikimedia.org/wikipedia/commons/thumb/8/83/Flag_of_Cambodia.svg/125px-Flag_of_Cambodia.svg.png"
"Cameroun","http://upload.wikimedia.org/wikipedia/commons/thumb/4/4f/Flag_of_Cameroon.svg/120px-Flag_of_Cameroon.svg.png"
"Canada","http://upload.wikimedia.org/wikipedia/commons/thumb/c/cf/Flag_of_Canada.svg/160px-Flag_of_Canada.svg.png"
"Cap-Vert","http://upload.wikimedia.org/wikipedia/commons/thumb/3/38/Flag_of_Cape_Verde.svg/136px-Flag_of_Cape_Verde.svg.png"
"Republique centraficaine","http://upload.wikimedia.org/wikipedia/commons/thumb/6/6f/Flag_of_the_Central_African_Republic.svg/120px-Flag_of_the_Central_African_Republic.svg.png"
"Chili","http://upload.wikimedia.org/wikipedia/commons/thumb/7/78/Flag_of_Chile.svg/120px-Flag_of_Chile.svg.png"
"Chine","http://upload.wikimedia.org/wikipedia/commons/thumb/f/fa/Flag_of_the_People%27s_Republic_of_China.svg/120px-Flag_of_the_People%27s_Republic_of_China.svg.png"
"Chypre","http://upload.wikimedia.org/wikipedia/commons/thumb/d/d4/Flag_of_Cyprus.svg/120px-Flag_of_Cyprus.svg.png"
"Colombie","http://upload.wikimedia.org/wikipedia/commons/thumb/2/21/Flag_of_Colombia.svg/120px-Flag_of_Colombia.svg.png"
"Comores","http://upload.wikimedia.org/wikipedia/commons/thumb/9/94/Flag_of_the_Comoros.svg/134px-Flag_of_the_Comoros.svg.png"
"Republique democratique du Congo","http://upload.wikimedia.org/wikipedia/commons/thumb/6/6f/Flag_of_the_Democratic_Republic_of_the_Congo.svg/107px-Flag_of_the_Democratic_Republic_of_the_Congo.svg.png"
"Republique du Congo","http://upload.wikimedia.org/wikipedia/commons/thumb/9/92/Flag_of_the_Republic_of_the_Congo.svg/120px-Flag_of_the_Republic_of_the_Congo.svg.png"
"Coree du Nord","http://upload.wikimedia.org/wikipedia/commons/thumb/5/51/Flag_of_North_Korea.svg/160px-Flag_of_North_Korea.svg.png"
"Coree du Sud","http://upload.wikimedia.org/wikipedia/commons/thumb/0/09/Flag_of_South_Korea.svg/120px-Flag_of_South_Korea.svg.png"
"Costa Rica","http://upload.wikimedia.org/wikipedia/commons/thumb/f/f2/Flag_of_Costa_Rica.svg/134px-Flag_of_Costa_Rica.svg.png"
"Cote d'Ivoire","http://upload.wikimedia.org/wikipedia/commons/thumb/f/fe/Flag_of_C%C3%B4te_d%27Ivoire.svg/120px-Flag_of_C%C3%B4te_d%27Ivoire.svg.png"
"Croatie","http://upload.wikimedia.org/wikipedia/commons/thumb/1/1b/Flag_of_Croatia.svg/160px-Flag_of_Croatia.svg.png"
"Cuba","http://upload.wikimedia.org/wikipedia/commons/thumb/b/bd/Flag_of_Cuba.svg/160px-Flag_of_Cuba.svg.png"
"Danemark","http://upload.wikimedia.org/wikipedia/commons/thumb/9/9c/Flag_of_Denmark.svg/106px-Flag_of_Denmark.svg.png"
"Djibouti","http://upload.wikimedia.org/wikipedia/commons/thumb/3/34/Flag_of_Djibouti.svg/120px-Flag_of_Djibouti.svg.png"
"Republique dominicaine","http://upload.wikimedia.org/wikipedia/commons/thumb/9/9f/Flag_of_the_Dominican_Republic.svg/128px-Flag_of_the_Dominican_Republic.svg.png"
"Dominique","http://upload.wikimedia.org/wikipedia/commons/thumb/c/c4/Flag_of_Dominica.svg/160px-Flag_of_Dominica.svg.png"
"Egypte","http://upload.wikimedia.org/wikipedia/commons/thumb/f/fe/Flag_of_Egypt.svg/120px-Flag_of_Egypt.svg.png"
"Emirats Arabes Unis","http://upload.wikimedia.org/wikipedia/commons/thumb/c/cb/Flag_of_the_United_Arab_Emirates.svg/160px-Flag_of_the_United_Arab_Emirates.svg.png"
"Equateur","http://upload.wikimedia.org/wikipedia/commons/thumb/e/e8/Flag_of_Ecuador.svg/120px-Flag_of_Ecuador.svg.png"
"Erythree","http://upload.wikimedia.org/wikipedia/commons/thumb/2/29/Flag_of_Eritrea.svg/160px-Flag_of_Eritrea.svg.png"
"Espagne","http://upload.wikimedia.org/wikipedia/commons/thumb/9/9a/Flag_of_Spain.svg/120px-Flag_of_Spain.svg.png"
"Estonie","http://upload.wikimedia.org/wikipedia/commons/thumb/8/8f/Flag_of_Estonia.svg/126px-Flag_of_Estonia.svg.png"
"Etats-Unis","http://upload.wikimedia.org/wikipedia/commons/thumb/a/a4/Flag_of_the_United_States.svg/152px-Flag_of_the_United_States.svg.png"
"Ethiopie","http://upload.wikimedia.org/wikipedia/commons/thumb/7/71/Flag_of_Ethiopia.svg/160px-Flag_of_Ethiopia.svg.png"
"Fidji","http://upload.wikimedia.org/wikipedia/commons/thumb/b/ba/Flag_of_Fiji.svg/160px-Flag_of_Fiji.svg.png"
"Finlande","http://upload.wikimedia.org/wikipedia/commons/thumb/b/bc/Flag_of_Finland.svg/131px-Flag_of_Finland.svg.png"
"France","http://upload.wikimedia.org/wikipedia/commons/thumb/c/c3/Flag_of_France.svg/120px-Flag_of_France.svg.png"
"Gabon","http://upload.wikimedia.org/wikipedia/commons/thumb/0/04/Flag_of_Gabon.svg/107px-Flag_of_Gabon.svg.png"
"Gambie","http://upload.wikimedia.org/wikipedia/commons/thumb/7/77/Flag_of_The_Gambia.svg/120px-Flag_of_The_Gambia.svg.png"
"Georgie","http://upload.wikimedia.org/wikipedia/commons/thumb/0/0f/Flag_of_Georgia.svg/120px-Flag_of_Georgia.svg.png"
"Ghana","http://upload.wikimedia.org/wikipedia/commons/thumb/1/19/Flag_of_Ghana.svg/120px-Flag_of_Ghana.svg.png"
"Grece","http://upload.wikimedia.org/wikipedia/commons/thumb/5/5c/Flag_of_Greece.svg/120px-Flag_of_Greece.svg.png"
"Grenade","http://upload.wikimedia.org/wikipedia/commons/thumb/b/bc/Flag_of_Grenada.svg/134px-Flag_of_Grenada.svg.png"
"Guatemala","http://upload.wikimedia.org/wikipedia/commons/thumb/e/ec/Flag_of_Guatemala.svg/128px-Flag_of_Guatemala.svg.png"
"Guinee","http://upload.wikimedia.org/wikipedia/commons/thumb/e/ed/Flag_of_Guinea.svg/120px-Flag_of_Guinea.svg.png"
"Guinee-Bissau","http://upload.wikimedia.org/wikipedia/commons/thumb/0/01/Flag_of_Guinea-Bissau.svg/160px-Flag_of_Guinea-Bissau.svg.png"
"Guinee equatoriale","http://upload.wikimedia.org/wikipedia/commons/thumb/3/31/Flag_of_Equatorial_Guinea.svg/120px-Flag_of_Equatorial_Guinea.svg.png"
"Guyana","http://upload.wikimedia.org/wikipedia/commons/thumb/9/99/Flag_of_Guyana.svg/134px-Flag_of_Guyana.svg.png"
"Haiti","http://upload.wikimedia.org/wikipedia/commons/thumb/5/56/Flag_of_Haiti.svg/134px-Flag_of_Haiti.svg.png"
"Honduras","http://upload.wikimedia.org/wikipedia/commons/thumb/8/82/Flag_of_Honduras.svg/160px-Flag_of_Honduras.svg.png"
"Hongrie","http://upload.wikimedia.org/wikipedia/commons/thumb/c/c1/Flag_of_Hungary.svg/160px-Flag_of_Hungary.svg.png"
"Inde","http://upload.wikimedia.org/wikipedia/commons/thumb/4/41/Flag_of_India.svg/120px-Flag_of_India.svg.png"
"Indonesie","http://upload.wikimedia.org/wikipedia/commons/thumb/9/9f/Flag_of_Indonesia.svg/120px-Flag_of_Indonesia.svg.png"
"Irak","http://upload.wikimedia.org/wikipedia/commons/thumb/f/f6/Flag_of_Iraq.svg/120px-Flag_of_Iraq.svg.png"
"Iran","http://upload.wikimedia.org/wikipedia/commons/thumb/c/ca/Flag_of_Iran.svg/140px-Flag_of_Iran.svg.png"
"Irlande","http://upload.wikimedia.org/wikipedia/commons/thumb/4/45/Flag_of_Ireland.svg/160px-Flag_of_Ireland.svg.png"
"Islande","http://upload.wikimedia.org/wikipedia/commons/thumb/c/ce/Flag_of_Iceland.svg/111px-Flag_of_Iceland.svg.png"
"Israel","http://upload.wikimedia.org/wikipedia/commons/thumb/d/d4/Flag_of_Israel.svg/110px-Flag_of_Israel.svg.png"
"Italie","http://upload.wikimedia.org/wikipedia/commons/thumb/0/03/Flag_of_Italy.svg/120px-Flag_of_Italy.svg.png"
"Jamaique","http://upload.wikimedia.org/wikipedia/commons/thumb/0/0a/Flag_of_Jamaica.svg/160px-Flag_of_Jamaica.svg.png"
"Japon","http://upload.wikimedia.org/wikipedia/commons/thumb/9/9e/Flag_of_Japan.svg/120px-Flag_of_Japan.svg.png"
"Jordanie","http://upload.wikimedia.org/wikipedia/commons/thumb/c/c0/Flag_of_Jordan.svg/160px-Flag_of_Jordan.svg.png"
"Kazakhstan","http://upload.wikimedia.org/wikipedia/commons/thumb/d/d3/Flag_of_Kazakhstan.svg/160px-Flag_of_Kazakhstan.svg.png"
"Kenya","http://upload.wikimedia.org/wikipedia/commons/thumb/4/49/Flag_of_Kenya.svg/120px-Flag_of_Kenya.svg.png"
"Kirghizistan","http://upload.wikimedia.org/wikipedia/commons/thumb/c/c7/Flag_of_Kyrgyzstan.svg/134px-Flag_of_Kyrgyzstan.svg.png"
"Kiribati","http://upload.wikimedia.org/wikipedia/commons/thumb/d/d3/Flag_of_Kiribati.svg/160px-Flag_of_Kiribati.svg.png"
"Koweit","http://upload.wikimedia.org/wikipedia/commons/thumb/a/aa/Flag_of_Kuwait.svg/160px-Flag_of_Kuwait.svg.png"
"Laos","http://upload.wikimedia.org/wikipedia/commons/thumb/5/56/Flag_of_Laos.svg/120px-Flag_of_Laos.svg.png"
"Lesotho","http://upload.wikimedia.org/wikipedia/commons/thumb/4/4a/Flag_of_Lesotho.svg/120px-Flag_of_Lesotho.svg.png"
"Lettonie","http://upload.wikimedia.org/wikipedia/commons/thumb/8/84/Flag_of_Latvia.svg/160px-Flag_of_Latvia.svg.png"
"Liban","http://upload.wikimedia.org/wikipedia/commons/thumb/5/59/Flag_of_Lebanon.svg/120px-Flag_of_Lebanon.svg.png"
"Liberia","http://upload.wikimedia.org/wikipedia/commons/thumb/b/b8/Flag_of_Liberia.svg/152px-Flag_of_Liberia.svg.png"
"Libye","http://upload.wikimedia.org/wikipedia/commons/thumb/0/05/Flag_of_Libya.svg/160px-Flag_of_Libya.svg.png"
"Liechtenstein","http://upload.wikimedia.org/wikipedia/commons/thumb/4/47/Flag_of_Liechtenstein.svg/134px-Flag_of_Liechtenstein.svg.png"
"Lituanie","http://upload.wikimedia.org/wikipedia/commons/thumb/1/11/Flag_of_Lithuania.svg/134px-Flag_of_Lithuania.svg.png"
"Luxembourg","http://upload.wikimedia.org/wikipedia/commons/thumb/d/da/Flag_of_Luxembourg.svg/134px-Flag_of_Luxembourg.svg.png"
"Macedoine","http://upload.wikimedia.org/wikipedia/commons/thumb/f/f8/Flag_of_Macedonia.svg/160px-Flag_of_Macedonia.svg.png"
"Madagascar","http://upload.wikimedia.org/wikipedia/commons/thumb/b/bc/Flag_of_Madagascar.svg/120px-Flag_of_Madagascar.svg.png"
"Malaisie","http://upload.wikimedia.org/wikipedia/commons/thumb/6/66/Flag_of_Malaysia.svg/160px-Flag_of_Malaysia.svg.png"
"Malawi","http://upload.wikimedia.org/wikipedia/commons/thumb/d/d1/Flag_of_Malawi.svg/120px-Flag_of_Malawi.svg.png"
"Maldives","http://upload.wikimedia.org/wikipedia/commons/thumb/0/0f/Flag_of_Maldives.svg/120px-Flag_of_Maldives.svg.png"
"Mali","http://upload.wikimedia.org/wikipedia/commons/thumb/9/92/Flag_of_Mali.svg/120px-Flag_of_Mali.svg.png"
"Malte","http://upload.wikimedia.org/wikipedia/commons/thumb/7/73/Flag_of_Malta.svg/120px-Flag_of_Malta.svg.png"
"Maroc","http://upload.wikimedia.org/wikipedia/commons/thumb/2/2c/Flag_of_Morocco.svg/120px-Flag_of_Morocco.svg.png"
"iles Marshall","http://upload.wikimedia.org/wikipedia/commons/thumb/2/26/Flag_of_the_Marshall_Islands.png/152px-Flag_of_the_Marshall_Islands.png"
"Maurice","http://upload.wikimedia.org/wikipedia/commons/thumb/7/77/Flag_of_Mauritius.svg/120px-Flag_of_Mauritius.svg.png"
"Mauritanie","http://upload.wikimedia.org/wikipedia/commons/thumb/4/43/Flag_of_Mauritania.svg/120px-Flag_of_Mauritania.svg.png"
"Mexique","http://upload.wikimedia.org/wikipedia/commons/thumb/f/fc/Flag_of_Mexico.svg/140px-Flag_of_Mexico.svg.png"
"Micronesie","http://upload.wikimedia.org/wikipedia/commons/thumb/e/e4/Flag_of_the_Federated_States_of_Micronesia.svg/152px-Flag_of_the_Federated_States_of_Micronesia.svg.png"
"Moldavie","http://upload.wikimedia.org/wikipedia/commons/thumb/2/27/Flag_of_Moldova.svg/160px-Flag_of_Moldova.svg.png"
"Monaco","http://upload.wikimedia.org/wikipedia/commons/thumb/e/ea/Flag_of_Monaco.svg/100px-Flag_of_Monaco.svg.png"
"Mongolie","http://upload.wikimedia.org/wikipedia/commons/thumb/4/4c/Flag_of_Mongolia.svg/160px-Flag_of_Mongolia.svg.png"
"Montenegro","http://upload.wikimedia.org/wikipedia/commons/thumb/6/64/Flag_of_Montenegro.svg/160px-Flag_of_Montenegro.svg.png"
"Mozambique","http://upload.wikimedia.org/wikipedia/commons/thumb/d/d0/Flag_of_Mozambique.svg/120px-Flag_of_Mozambique.svg.png"
"Namibie","http://upload.wikimedia.org/wikipedia/commons/thumb/0/00/Flag_of_Namibia.svg/120px-Flag_of_Namibia.svg.png"
"Nauru","http://upload.wikimedia.org/wikipedia/commons/thumb/3/30/Flag_of_Nauru.svg/160px-Flag_of_Nauru.svg.png"
"Nepal","http://upload.wikimedia.org/wikipedia/commons/thumb/9/9b/Flag_of_Nepal.svg/66px-Flag_of_Nepal.svg.png"
"Nicaragua","http://upload.wikimedia.org/wikipedia/commons/thumb/1/19/Flag_of_Nicaragua.svg/134px-Flag_of_Nicaragua.svg.png"
"Niger","http://upload.wikimedia.org/wikipedia/commons/thumb/f/f4/Flag_of_Niger.svg/93px-Flag_of_Niger.svg.png"
"Nigeria","http://upload.wikimedia.org/wikipedia/commons/thumb/7/79/Flag_of_Nigeria.svg/160px-Flag_of_Nigeria.svg.png"
"Norvege","http://upload.wikimedia.org/wikipedia/commons/thumb/d/d9/Flag_of_Norway.svg/110px-Flag_of_Norway.svg.png"
"Nouvelle-Zelande","http://upload.wikimedia.org/wikipedia/commons/thumb/3/3e/Flag_of_New_Zealand.svg/160px-Flag_of_New_Zealand.svg.png"
"Oman","http://upload.wikimedia.org/wikipedia/commons/thumb/d/dd/Flag_of_Oman.svg/160px-Flag_of_Oman.svg.png"
"Ouganda","http://upload.wikimedia.org/wikipedia/commons/thumb/4/4e/Flag_of_Uganda.svg/120px-Flag_of_Uganda.svg.png"
"Ouzbekistan","http://upload.wikimedia.org/wikipedia/commons/thumb/8/84/Flag_of_Uzbekistan.svg/160px-Flag_of_Uzbekistan.svg.png"
"Pakistan","http://upload.wikimedia.org/wikipedia/commons/thumb/3/32/Flag_of_Pakistan.svg/120px-Flag_of_Pakistan.svg.png"
"Palaos","http://upload.wikimedia.org/wikipedia/commons/thumb/4/48/Flag_of_Palau.svg/128px-Flag_of_Palau.svg.png"
"Palestine","http://upload.wikimedia.org/wikipedia/commons/thumb/0/00/Flag_of_Palestine.svg/160px-Flag_of_Palestine.svg.png"
"Panama","http://upload.wikimedia.org/wikipedia/commons/thumb/a/ab/Flag_of_Panama.svg/120px-Flag_of_Panama.svg.png"
"Papouasie-Nouvelle-Guinee","http://upload.wikimedia.org/wikipedia/commons/thumb/e/e3/Flag_of_Papua_New_Guinea.svg/107px-Flag_of_Papua_New_Guinea.svg.png"
"Paraguay","http://upload.wikimedia.org/wikipedia/commons/thumb/2/27/Flag_of_Paraguay.svg/146px-Flag_of_Paraguay.svg.png"
"Pays-Bas","http://upload.wikimedia.org/wikipedia/commons/thumb/2/20/Flag_of_the_Netherlands.svg/120px-Flag_of_the_Netherlands.svg.png"
"Perou","http://upload.wikimedia.org/wikipedia/commons/thumb/c/cf/Flag_of_Peru.svg/120px-Flag_of_Peru.svg.png"
"Philippines","http://upload.wikimedia.org/wikipedia/commons/thumb/9/99/Flag_of_the_Philippines.svg/160px-Flag_of_the_Philippines.svg.png"
"Pologne","http://upload.wikimedia.org/wikipedia/commons/thumb/1/12/Flag_of_Poland.svg/128px-Flag_of_Poland.svg.png"
"Portugal","http://upload.wikimedia.org/wikipedia/commons/thumb/5/5c/Flag_of_Portugal.svg/120px-Flag_of_Portugal.svg.png"
"Qatar","http://upload.wikimedia.org/wikipedia/commons/thumb/6/65/Flag_of_Qatar.svg/204px-Flag_of_Qatar.svg.png"
"Roumanie","http://upload.wikimedia.org/wikipedia/commons/thumb/7/73/Flag_of_Romania.svg/120px-Flag_of_Romania.svg.png"
"Royaume-Unie","http://upload.wikimedia.org/wikipedia/commons/thumb/a/ae/Flag_of_the_United_Kingdom.svg/160px-Flag_of_the_United_Kingdom.svg.png"
"Russie","http://upload.wikimedia.org/wikipedia/commons/thumb/f/f3/Flag_of_Russia.svg/120px-Flag_of_Russia.svg.png"
"Rwanda","http://upload.wikimedia.org/wikipedia/commons/thumb/1/17/Flag_of_Rwanda.svg/120px-Flag_of_Rwanda.svg.png"
"Saint-Christophe-et-Nieves","http://upload.wikimedia.org/wikipedia/commons/thumb/f/fe/Flag_of_Saint_Kitts_and_Nevis.svg/120px-Flag_of_Saint_Kitts_and_Nevis.svg.png"
"Sainte-Lucie","http://upload.wikimedia.org/wikipedia/commons/thumb/9/9f/Flag_of_Saint_Lucia.svg/160px-Flag_of_Saint_Lucia.svg.png"
"Saint-Marin","http://upload.wikimedia.org/wikipedia/commons/thumb/b/b1/Flag_of_San_Marino.svg/107px-Flag_of_San_Marino.svg.png"
"Saint-Vincent-et-les-Grenadines","http://upload.wikimedia.org/wikipedia/commons/thumb/6/6d/Flag_of_Saint_Vincent_and_the_Grenadines.svg/120px-Flag_of_Saint_Vincent_and_the_Grenadines.svg.png"
"Salomon","http://upload.wikimedia.org/wikipedia/commons/thumb/7/74/Flag_of_the_Solomon_Islands.svg/160px-Flag_of_the_Solomon_Islands.svg.png"
"Salvador","http://upload.wikimedia.org/wikipedia/commons/thumb/3/34/Flag_of_El_Salvador.svg/142px-Flag_of_El_Salvador.svg.png"
"Samoa","http://upload.wikimedia.org/wikipedia/commons/thumb/3/31/Flag_of_Samoa.svg/160px-Flag_of_Samoa.svg.png"
"Sao Tome-et-Principe","http://upload.wikimedia.org/wikipedia/commons/thumb/4/4f/Flag_of_Sao_Tome_and_Principe.svg/160px-Flag_of_Sao_Tome_and_Principe.svg.png"
"Senegal","http://upload.wikimedia.org/wikipedia/commons/thumb/f/fd/Flag_of_Senegal.svg/120px-Flag_of_Senegal.svg.png"
"Serbie","http://upload.wikimedia.org/wikipedia/commons/thumb/f/ff/Flag_of_Serbia.svg/120px-Flag_of_Serbia.svg.png"
"Seychelles","http://upload.wikimedia.org/wikipedia/commons/thumb/f/fc/Flag_of_Seychelles.svg/160px-Flag_of_Seychelles.svg.png"
"Sierra Leone","http://upload.wikimedia.org/wikipedia/commons/thumb/1/17/Flag_of_Sierra_Leone.svg/120px-Flag_of_Sierra_Leone.svg.png"
"Singapour","http://upload.wikimedia.org/wikipedia/commons/thumb/4/48/Flag_of_Singapore.svg/120px-Flag_of_Singapore.svg.png"
"Slovaquie","http://upload.wikimedia.org/wikipedia/commons/thumb/e/e6/Flag_of_Slovakia.svg/120px-Flag_of_Slovakia.svg.png"
"Slovenie","http://upload.wikimedia.org/wikipedia/commons/thumb/f/f0/Flag_of_Slovenia.svg/160px-Flag_of_Slovenia.svg.png"
"Somalie","http://upload.wikimedia.org/wikipedia/commons/thumb/a/a0/Flag_of_Somalia.svg/120px-Flag_of_Somalia.svg.png"
"Soudan","http://upload.wikimedia.org/wikipedia/commons/thumb/0/01/Flag_of_Sudan.svg/160px-Flag_of_Sudan.svg.png"
"Soudan du Sud","http://upload.wikimedia.org/wikipedia/commons/thumb/7/7a/Flag_of_South_Sudan.svg/160px-Flag_of_South_Sudan.svg.png"
"Sri Lanka","http://upload.wikimedia.org/wikipedia/commons/thumb/1/11/Flag_of_Sri_Lanka.svg/160px-Flag_of_Sri_Lanka.svg.png"
"Suede","http://upload.wikimedia.org/wikipedia/commons/thumb/4/4c/Flag_of_Sweden.svg/128px-Flag_of_Sweden.svg.png"
"Suisse","http://upload.wikimedia.org/wikipedia/commons/thumb/f/f3/Flag_of_Switzerland.svg/80px-Flag_of_Switzerland.svg.png"
"Suriname","http://upload.wikimedia.org/wikipedia/commons/thumb/6/60/Flag_of_Suriname.svg/120px-Flag_of_Suriname.svg.png"
"Swaziland","http://upload.wikimedia.org/wikipedia/commons/thumb/1/1e/Flag_of_Swaziland.svg/120px-Flag_of_Swaziland.svg.png"
"Syrie","http://upload.wikimedia.org/wikipedia/commons/thumb/5/53/Flag_of_Syria.svg/120px-Flag_of_Syria.svg.png"
"Tadjikistan","http://upload.wikimedia.org/wikipedia/commons/thumb/d/d0/Flag_of_Tajikistan.svg/160px-Flag_of_Tajikistan.svg.png"
"Tanzanie","http://upload.wikimedia.org/wikipedia/commons/thumb/3/38/Flag_of_Tanzania.svg/120px-Flag_of_Tanzania.svg.png"
"Tchad","http://upload.wikimedia.org/wikipedia/commons/thumb/4/4b/Flag_of_Chad.svg/120px-Flag_of_Chad.svg.png"
"Republique tcheque","http://upload.wikimedia.org/wikipedia/commons/thumb/c/cb/Flag_of_the_Czech_Republic.svg/120px-Flag_of_the_Czech_Republic.svg.png"
"Thailande","http://upload.wikimedia.org/wikipedia/commons/thumb/a/a9/Flag_of_Thailand.svg/120px-Flag_of_Thailand.svg.png"
"Timor oriental","http://upload.wikimedia.org/wikipedia/commons/thumb/2/26/Flag_of_East_Timor.svg/160px-Flag_of_East_Timor.svg.png"
"Togo","http://upload.wikimedia.org/wikipedia/commons/thumb/6/68/Flag_of_Togo.svg/130px-Flag_of_Togo.svg.png"
"Tonga","http://upload.wikimedia.org/wikipedia/commons/thumb/9/9a/Flag_of_Tonga.svg/160px-Flag_of_Tonga.svg.png"
"Trinite-et-Tobago","http://upload.wikimedia.org/wikipedia/commons/thumb/6/64/Flag_of_Trinidad_and_Tobago.svg/134px-Flag_of_Trinidad_and_Tobago.svg.png"
"Tunisie","http://upload.wikimedia.org/wikipedia/commons/thumb/c/ce/Flag_of_Tunisia.svg/120px-Flag_of_Tunisia.svg.png"
"Turkmenistan","http://upload.wikimedia.org/wikipedia/commons/thumb/1/1b/Flag_of_Turkmenistan.svg/120px-Flag_of_Turkmenistan.svg.png"
"Turquie","http://upload.wikimedia.org/wikipedia/commons/thumb/b/b4/Flag_of_Turkey.svg/120px-Flag_of_Turkey.svg.png"
"Tuvalu","http://upload.wikimedia.org/wikipedia/commons/thumb/3/38/Flag_of_Tuvalu.svg/160px-Flag_of_Tuvalu.svg.png"
"Ukraine","http://upload.wikimedia.org/wikipedia/commons/thumb/4/49/Flag_of_Ukraine.svg/120px-Flag_of_Ukraine.svg.png"
"Uruguay","http://upload.wikimedia.org/wikipedia/commons/thumb/f/fe/Flag_of_Uruguay.svg/120px-Flag_of_Uruguay.svg.png"
"Vanuatu","http://upload.wikimedia.org/wikipedia/commons/thumb/b/bc/Flag_of_Vanuatu.svg/134px-Flag_of_Vanuatu.svg.png"
"Vatican","http://upload.wikimedia.org/wikipedia/commons/thumb/0/00/Flag_of_the_Vatican_City.svg/80px-Flag_of_the_Vatican_City.svg.png"
"Venezuela","http://upload.wikimedia.org/wikipedia/commons/thumb/0/06/Flag_of_Venezuela.svg/120px-Flag_of_Venezuela.svg.png"
"Viet Nam","http://upload.wikimedia.org/wikipedia/commons/thumb/2/21/Flag_of_Vietnam.svg/120px-Flag_of_Vietnam.svg.png"
"Yemen","http://upload.wikimedia.org/wikipedia/commons/thumb/8/89/Flag_of_Yemen.svg/120px-Flag_of_Yemen.svg.png"
"Zambie","http://upload.wikimedia.org/wikipedia/commons/thumb/0/06/Flag_of_Zambia.svg/120px-Flag_of_Zambia.svg.png"
"Zimbabwe","http://upload.wikimedia.org/wikipedia/commons/thumb/6/6a/Flag_of_Zimbabwe.svg/160px-Flag_of_Zimbabwe.svg.png"
"Angleterre","http://upload.wikimedia.org/wikipedia/commons/thumb/b/be/Flag_of_England.svg/langfr-130px-Flag_of_England.svg.png"
"Ecosse","http://upload.wikimedia.org/wikipedia/commons/thumb/1/10/Flag_of_Scotland.svg/130px-Flag_of_Scotland.svg.png"
"Pays de Galles","http://upload.wikimedia.org/wikipedia/commons/thumb/5/59/Flag_of_Wales_2.svg/130px-Flag_of_Wales_2.svg.png"
"Irlande du Nord","http://upload.wikimedia.org/wikipedia/commons/thumb/2/20/St_Patrick%27s_saltire.svg/20px-St_Patrick%27s_saltire.svg.png"
"FIFA","http://upload.wikimedia.org/wikipedia/commons/thumb/8/80/FIFA_Logo_%282010%29.svg/220px-FIFA_Logo_%282010%29.svg.png"
